Workbook

Sheet Read me
B1: COMMERCIAL CHOICE
B2: Keyword research & content plan
B3: Companion workbook to the SEO Growth Roadmap · Prepared by EmberTribe · August 2026
B5: WHAT THIS IS
B6: The 75-article, 90-day beachhead content plan behind the growth roadmap deck, broken out article by article across five pillars and three months (25/month). Sort and filter the Keyword plan tab to work the queue; the Summary tab totals everything with live formulas.
B8: IMPORTANT — THESE VOLUMES ARE DIRECTIONAL ESTIMATES
B9: Commercial Choice launched in August 2026, so there is no Search Console or SEMrush history yet. Every monthly-volume and keyword-difficulty (KD) figure here is a DIRECTIONAL ESTIMATE to size the plan — not verified data. The first onboarding step is a full SEMrush + Google Search Console keyword build that replaces these with confirmed numbers. Treat titles as working titles.
B11: HOW WE CHOSE THESE
B12: Scored on three things: real search demand, difficulty winnable by a brand-new domain (long-tail and local first), and fit with a member who will actually post or receive a bid request. National head terms we cannot win yet are parked, not chased.
B14: PILLARS
B15: 1 · Owner & manager education — how bidding works, vetting, keeping contractors honest (14 articles)
B16: 2 · Trade & service guides — roofing, tree, asphalt, HVAC, siding, windows and more (16)
... B26: Not linked publicly — internal / sales-team reference. Pair with the deck at decks.embertribe.com/commercial-choice/growth-roadmap.

Sheet Keyword plan
A1: # | B1: Month | C1: Pillar | D1: Article (working title) | E1: Primary keyword | F1: Est. volume | G1: Est. KD | H1: Funnel | I1: Intent | J1: Audience | K1: Status | L1: Notes
A2: 1 | B2: M1 | C2: Owner & manager education | D2: Why paying $0 for leads gets you a better roofing quote | E2: contractor lead fees | F2: 2400 | G2: 19 | H2: Top | I2: Info | J2: Owner | K2: Planned
A3: 2 | B3: M1 | C3: Owner & manager education | D3: What a fair contractor bid actually includes | E3: contractor bid breakdown | F3: 720 | G3: 20 | H3: Middle | I3: Info | J3: Owner | K3: Planned
A4: 3 | B4: M1 | C4: Owner & manager education | D4: How contractor referral sites really make money | E4: how do contractor lead sites work | F4: 1300 | G4: 22 | H4: Top | I4: Info | J4: Owner | K4: Planned
A5: 4 | B5: M1 | C5: Trade & service guides | D5: Roofing 101: how a re-roof actually works | E5: how does a roof replacement work | F5: 2400 | G5: 30 | H5: Top | I5: Info | J5: Owner | K5: Planned
A6: 5 | B6: M1 | C6: Trade & service guides | D6: What a fair roof-replacement bid looks like in Minnesota | E6: roof replacement cost minnesota | F6: 3600 | G6: 42 | H6: Middle | I6: Commercial | J6: Owner | K6: Planned
A7: 6 | B7: M1 | C7: Trade & service guides | D7: Tree removal cost in the Twin Cities: what to expect | E7: tree removal cost | F7: 18100 | G7: 40 | H7: Middle | I7: Commercial | J7: Owner | K7: Planned
A8: 7 | B8: M1 | C8: Trade & service guides | D8: Asphalt vs concrete driveway: cost, lifespan and bids | E8: asphalt driveway paving | F8: 33100 | G8: 39 | H8: Middle | I8: Commercial | J8: Owner | K8: Planned
A9: 8 | B9: M1 | C9: Trade & service guides | D9: HVAC replacement in Minnesota: what a fair bid includes | E9: hvac replacement cost minnesota | F9: 5400 | G9: 41 | H9: Middle | I9: Commercial | J9: Owner | K9: Planned
A10: 9 | B10: M1 | C10: Trade & service guides | D10: Siding replacement cost and what to expect in a bid | E10: siding replacement cost | F10: 8100 | G10: 44 | H10: Middle | I10: Commercial | J10: Owner | K10: Planned
A11: 10 | B11: M1 | C11: Trade & service guides | D11: Window replacement: how to compare contractor quotes | E11: window replacement cost | F11: 12100 | G11: 47 | H11: Middle | I11: Commercial | J11: Owner | K11: Planned
A12: 11 | B12: M1 | C12: Trade & service guides | D12: Gutter installation and repair: getting competitive bids | E12: gutter installation cost | F12: 4400 | G12: 33 | H12: Middle | I12: Commercial | J12: Owner | K12: Planned
A13: 12 | B13: M1 | C13: Trade & service guides | D13: Request roof-replacement bids online | E13: get roof replacement bids | F13: 720 | G13: 22 | H13: Bottom | I13: Commercial | J13: Owner | K13: Planned
... A76: 75 | B76: M3 | C76: Twin Cities cities & suburbs | D76: Get HVAC and plumbing bids in Eden Prairie | E76: hvac contractor eden prairie | F76: 320 | G76: 17 | H76: Bottom | I76: Commercial | J76: Owner | K76: Planned

Sheet Summary
B1: COMMERCIAL CHOICE
B2: Content plan summary
B3: Live counts from the Keyword plan tab. Volumes are directional estimates.
B5: By pillar
B6: Pillar | C6: Articles | D6: Est. volume
B7: Owner & manager education | C7: =COUNTIF('Keyword plan'!$C$2:$C$76,B7) | D7: =SUMIF('Keyword plan'!$C$2:$C$76,B7,'Keyword plan'!$F$2:$F$76)
B8: Trade & service guides | C8: =COUNTIF('Keyword plan'!$C$2:$C$76,B8) | D8: =SUMIF('Keyword plan'!$C$2:$C$76,B8,'Keyword plan'!$F$2:$F$76)
B9: How-it-works / vs hub | C9: =COUNTIF('Keyword plan'!$C$2:$C$76,B9) | D9: =SUMIF('Keyword plan'!$C$2:$C$76,B9,'Keyword plan'!$F$2:$F$76)
B10: Minnesota seasonal & storm | C10: =COUNTIF('Keyword plan'!$C$2:$C$76,B10) | D10: =SUMIF('Keyword plan'!$C$2:$C$76,B10,'Keyword plan'!$F$2:$F$76)
B11: Twin Cities cities & suburbs | C11: =COUNTIF('Keyword plan'!$C$2:$C$76,B11) | D11: =SUMIF('Keyword plan'!$C$2:$C$76,B11,'Keyword plan'!$F$2:$F$76)
B12: Total | C12: =SUM(C7:C11) | D12: =SUM(D7:D11)
B14: By month
B15: Month | C15: Articles | D15: Est. volume
B16: M1 | C16: =COUNTIF('Keyword plan'!$B$2:$B$76,B16) | D16: =SUMIF('Keyword plan'!$B$2:$B$76,B16,'Keyword plan'!$F$2:$F$76)
B17: M2 | C17: =COUNTIF('Keyword plan'!$B$2:$B$76,B17) | D17: =SUMIF('Keyword plan'!$B$2:$B$76,B17,'Keyword plan'!$F$2:$F$76)
B18: M3 | C18: =COUNTIF('Keyword plan'!$B$2:$B$76,B18) | D18: =SUMIF('Keyword plan'!$B$2:$B$76,B18,'Keyword plan'!$F$2:$F$76)
B19: Total | C19: =SUM(C16:C18) | D19: =SUM(D16:D18)
B21: By funnel stage
B22: Funnel | C22: Articles
B23: Top | C23: =COUNTIF('Keyword plan'!$H$2:$H$76,B23)
B24: Middle | C24: =COUNTIF('Keyword plan'!$H$2:$H$76,B24)
B25: Bottom | C25: =COUNTIF('Keyword plan'!$H$2:$H$76,B25)
B26: Total | C26: =SUM(C23:C25)
B28: By intent
B29: Intent | C29: Articles
B30: Info | C30: =COUNTIF('Keyword plan'!$I$2:$I$76,B30)
B31: Commercial | C31: =COUNTIF('Keyword plan'!$I$2:$I$76,B31)
B32: Total | C32: =SUM(C30:C31)
B34: Total articles in plan | C34: =COUNTA('Keyword plan'!$A$2:$A$76)
B35: Total est. monthly volume | C35: =SUM('Keyword plan'!$F$2:$F$76)
