Workbook

Sheet Overview
A1: Adriana Hoyos — SEO Implementation Workbook
A2: Companion to: AH B2B & Franchise Digital Presence Report (decks.embertribe.com)
A3: Prepared for: SEO strategist quoting — Jul 2026
A5: How to use this workbook
A6: 1. Review the Phase 1 and Phase 2 task tabs — each row is a discrete, quotable line item.
A7: 2. Fill in 'Est. Hours' (yellow cells) per task based on your estimate.
A8: 3. Set your hourly rate once on the Quote Summary tab (yellow cell) — cost columns and totals calculate automatically.
A9: 4. Keyword Targets tab shows verified search-demand data (Semrush, Jul 2026) behind the Phase 2 content tasks.
A10: 5. Competitor Reference tab shows the domain-authority/backlink benchmarks referenced in the client report.
A11: 6. Access & Dependencies tab lists what needs to be granted before each phase can start — flag anything still open.
A12: 7. Excluded / Phase 3 tab documents what was deliberately left out of this quote and why — do not price it in.
A14: Legend
... A16: Tan fill = calculated subtotal, do not edit

Sheet Quote Summary
A1: SEO Implementation — Quote Summary
A3: Hourly Rate ($)
A5: Phase | B5: Task Count | C5: Total Hours | D5: Total Cost
A6: Phase 1 — Foundation | B6: =COUNTA('Phase 1 - Foundation'!A2:A9) | C6: ='Phase 1 - Foundation'!I10 | D6: ='Phase 1 - Foundation'!J10
A7: Phase 2 — B2B / Franchise Build | B7: =COUNTA('Phase 2 - B2B Build'!A2:A8) | C7: ='Phase 2 - B2B Build'!I9 | D7: ='Phase 2 - B2B Build'!J9
A8: Grand Total | B8: =SUM(B6:B7) | C8: =SUM(C6:C7) | D8: =SUM(D6:D7)
A10: Note: Phase 3 (franchisee playbook templating) is intentionally excluded from this quote — see 'Excluded - Phase 3' tab.

Sheet Phase 1 - Foundation
A1: ID | B1: Task | C1: Page / Scope | D1: Current State | E1: Target State | F1: Priority | G1: Access Needed | H1: Notes | I1: Est. Hours | J1: Est. Cost
A2: P1-01 | B2: Consolidate homepage H1 tags | C2: Homepage | D2: 28 H1 tags found (confirmed via JS-rendered DOM audit) | E2: Single canonical H1 | F2: Critical | G2: CMS/dev | H2: Confirm which templating component is injecting duplicate H1s before removing | J2: =IF(I2="","",I2*'Quote Summary'!$B$3)
A3: P1-02 | B3: Implement structured data / schema markup | C3: Sitewide (homepage, locations, product pages) | D3: No LocalBusiness, Organization, or Product schema found on any page reviewed | E3: Schema deployed sitewide | F3: Critical | G3: CMS/dev | H3: Prerequisite for local-pack visibility once city pages launch in Phase 2 | J3: =IF(I3="","",I3*'Quote Summary'!$B$3)
A4: P1-03 | B4: Write custom meta descriptions | C4: Homepage, /locations/, product category pages | D4: Missing — Google auto-generates snippet text | E4: Custom, keyword-aligned meta descriptions | F4: High | G4: CMS/dev + copywriting | H4: Coordinate voice/tone with brand team (Constanza) | J4: =IF(I4="","",I4*'Quote Summary'!$B$3)
A5: P1-04 | B5: Resolve keyword cannibalization — "Design Studio" cluster | C5: 20+ pages | D5: 20+ pages competing for "adriana hoyos design studio," positions 2–75 | E5: One canonical page; others redirected or canonicalized | F5: Critical | G5: CMS/dev + IA decision | H5: Ties to the confirmed decision to keep the Design Studio subdomain separate | J5: =IF(I5="","",I5*'Quote Summary'!$B$3)
A6: P1-05 | B6: Resolve keyword cannibalization — dining chairs cluster | C6: 47 URLs | D6: "adriana hoyos dining chairs" competes across 47 separate URLs | E6: Canonical product/category page identified and reinforced | F6: High | G6: CMS/dev | J6: =IF(I6="","",I6*'Quote Summary'!$B$3)
A7: P1-06 | B7: Noindex the Design Studio subdomain | C7: adrianahoyosdesignstudio.com | D7: Indexable, competing with furnishing-business keywords | E7: robots.txt noindex directive applied | F7: Medium | G7: Subdomain hosting/DNS access | H7: Client confirmed on 7/10/26 call this should stay separate and unindexed | J7: =IF(I7="","",I7*'Quote Summary'!$B$3)
A8: P1-07 | B8: Press backlink dofollow outreach | C8: Architectural Digest (2 links), Robb Report (1 link) | D8: Both nofollow — no authority passed | E8: Dofollow requested on next placements with each publication | F8: Medium | G8: PR/comms relationship (not technical) | H8: Elle Decor's existing link is already dofollow (Page AS 34) — no action needed there | J8: =IF(I8="","",I8*'Quote Summary'!$B$3)
A9: P1-08 | B9: Referring-domain decline investigation | C9: Sitewide backlink profile | D9: Referring domains down from ~900 (year prior) to 657 (May '26) to 578 (Jul '26) | E9: Root causes identified; priority reclamation list built | F9: Medium | G9: Backlink Analytics (in hand) + outreach capacity | H9: Trend is still declining as of this pull | J9: =IF(I9="","",I9*'Quote Summary'!$B$3)
B10: Phase 1 Subtotal | I10: =SUM(I2:I9) | J10: =SUM(J2:J9)

Sheet Phase 2 - B2B Build
A1: ID | B1: Task | C1: Page / Scope | D1: Current State | E1: Target State | F1: Priority | G1: Access Needed | H1: Notes | I1: Est. Hours | J1: Est. Cost
A2: P2-01 | B2: Build Trade Program / Become a Franchisee hub | C2: New page(s) on .com | D2: Does not exist | E2: Staged page with context before any login wall (model: Caracole, Bernhardt) | F2: Critical | G2: GA/GSC access + content + dev | H2: Primary landing page for the entire 'trade program' keyword cluster | J2: =IF(I2="","",I2*'Quote Summary'!$B$3)
A3: P2-02 | B3: Launch .us with city-based URL structure | C3: New domain: .us | D3: Not live | E3: Live with subfolder structure (/us/dc, /us/austin, /us/coral-gables) | F3: Critical | G3: DNS/hosting + dev | H3: Coordinate URL structure with Meta ad-account naming (marketing team) | J3: =IF(I3="","",I3*'Quote Summary'!$B$3)
A4: P2-03 | B4: Build individual location pages | C4: Coral Gables, DC (initial 2 cities) | D4: Single shared /locations/ page — 1 visit/month | E4: Dedicated page per city, each with local schema | F4: Critical | G4: Dev + content | H4: Template this build so it's replicable for future cities | J4: =IF(I4="","",I4*'Quote Summary'!$B$3)
A5: P2-04 | B5: Trade-program content build | C5: Trade Program hub + supporting pages | D5: Zero ranking keywords in this cluster | E5: Target "interior design trade programs," "interior designer trade program," "trade programs for interior designers" | F5: High | G5: Content writer + SEO | H5: See Keyword Targets tab for full cluster and volumes | J5: =IF(I5="","",I5*'Quote Summary'!$B$3)
A6: P2-05 | B6: Franchise-opportunity content build | C6: Franchise hub page | D6: Zero ranking keywords in this cluster | E6: Target "furniture franchise opportunities," "furniture franchise" | F6: Medium | G6: Content writer + SEO | H6: Low volume (70/mo top term) but currently uncontested past BoConcept's #3 | J6: =IF(I6="","",I6*'Quote Summary'!$B$3)
A7: P2-06 | B7: Secure GA4 / GSC access and run full baseline audit | C7: Client analytics accounts | D7: Not yet granted | E7: Full keyword/traffic baseline established for precise Phase 2 scoping | F7: Critical — blocks precise scoping | G7: Client IT / Alegria | H7: Requested on the 7/10/26 call; still pending as of this workbook | J7: =IF(I7="","",I7*'Quote Summary'!$B$3)
A8: P2-07 | B8: Local citation / NAP consistency pass | C8: Coral Gables + DC (and future cities) | D8: Unverified across directories and Google Business Profile | E8: Consistent NAP sitewide and across major directories | F8: High | G8: Google Business Profile admin access | J8: =IF(I8="","",I8*'Quote Summary'!$B$3)
B9: Phase 2 Subtotal | I9: =SUM(I2:I8) | J9: =SUM(J2:J8)

Sheet Excluded - Phase 3
A1: Item | B1: Description | C1: Why it's excluded from this quote | D1: Revisit when
A2: Franchisee playbook templating | B2: Turn the .us city-page structure into a repeatable template — local SEO, local schema, and a matching Meta account — for future franchisees to launch on. | C2: There is no second franchisee yet; Sean's DC location hasn't opened. Building a 'repeatable' template before there's a second real data point to design against is scope that can't be defended if challenged. | D2: Once the DC location is live and a second franchisee city is identified

Sheet Keyword Targets
A1: Keyword | B1: Volume/mo | C1: Intent | D1: KD | E1: CPC | F1: Currently Owned By | G1: Position | H1: Cluster | I1: Target Page (fill in)
A2: interior design trade programs | B2: 90 | C2: Informational | D2: 13 | E2: 19.74 | F2: — | G2: — | H2: Trade Program
A3: interior designer trade program | B3: 50 | C3: Informational | D3: 26 | E3: 18.76 | F3: — | G3: — | H3: Trade Program
A4: interior designer trade programs | B4: 50 | C4: Commercial | D4: 15 | E4: 10.19 | F4: Ethan Allen | G4: #32 | H4: Trade Program
A5: trade programs for interior designers | B5: 40 | C5: Commercial | D5: 17 | E5: 7.65 | F5: — | G5: — | H5: Trade Program
A6: trade program for interior designers | B6: 30 | C6: — | E6: 10.69 | F6: — | G6: — | H6: Trade Program
A7: to the trade | B7: 210 | C7: — | F7: Caracole | G7: #12 | H7: Trade Program
A8: into trade | B8: 320 | C8: — | F8: Caracole | G8: #39 | H8: Trade Program
A9: ethan allen trade program | B9: 50 | C9: Navigational | D9: 14 | E9: 4.77 | F9: Ethan Allen | G9: #1 | H9: Trade Program (brand-specific benchmark)
A10: furniture franchise opportunities | B10: 70 | C10: Informational, Commercial | D10: 11 | E10: 0 | F10: BoConcept | G10: #3 | H10: Franchise Hub
A11: furniture franchise | B11: 50 | C11: Informational | D11: 16 | E11: 2.33 | F11: BoConcept | G11: #6 | H11: Franchise Hub
A12: furniture store franchise | B12: 20 | C12: — | E12: 2.97 | F12: — | G12: — | H12: Franchise Hub
A13: wholesale furniture companies in north carolina | B13: 90 | C13: Commercial | D13: 54 | E13: 0.84 | F13: Bernhardt | G13: #14 | H13: One-off geo page (not a broad theme)
A15: Deprioritized themes — do not target as broad campaigns
A16: "Wholesale" (broad) | B16: Top results are named local wholesale-furniture retailers (Knoxville Wholesale Furniture, Sam's Wholesale Patio Furniture) — real businesses, not B2B dealer-relationship intent.
A17: "Dealer" (broad) | B17: Broad match stems "dealer" into "deals" — top results are Black Friday/Costco furniture-discount searches. Doesn't measure a real B2B audience.

Sheet Competitor Reference
A1: Domain | B1: Authority Score | C1: Backlinks | D1: Ref. Domains | E1: Organic Keywords | F1: Organic Traffic | G1: Model
A2: adrianahoyos.com | B2: 27 (Good) | C2: 37.6K | D2: 578 | E2: 190 | F2: 1.6K | G2: Baseline — this client
A3: Caracole | B3: 34 (Very good) | C3: 31.1K | D3: 974 | E3: 2.6K | F3: 11.1K | G3: Trade program
A4: BoConcept | B4: 53 (Excellent) | C4: 257.6K | D4: 11.9K | E4: 7.5K | F4: 16.4K | G4: Franchise
A5: Roche Bobois | B5: 52 (Excellent) | C5: 1M | D5: 7.4K | E5: 5.6K | F5: 44.8K | G5: Franchise
A6: Ethan Allen | B6: 53 (Excellent) | C6: 2.9M | D6: 10K | E6: 120.9K | F6: 550.8K | G6: Independent dealer / licensee
A7: Bernhardt | B7: 40 (Very good) | C7: 34.1K | D7: 4.2K | E7: 17K | F7: 101.5K | G7: Trade program + dealer network
A8: Artefacto | B8: Not yet verified | C8: — | D8: — | E8: — | F8: — | G8: LatAm-origin luxury peer — data pending
A10: Source: Semrush Domain Overview, US database, Jul 15 2026

Sheet Access & Dependencies
A1: Item | B1: Status | C1: Blocks | D1: Owner
A2: Google Analytics 4 access | B2: Not yet granted | C2: Precise Phase 2 keyword/traffic targeting | D2: Alegria (client)
A3: Google Search Console access | B3: Not yet granted | C3: Precise Phase 2 keyword/traffic targeting | D3: Alegria (client)
A4: Semrush API units | B4: Exhausted on EmberTribe account as of Jul '26 | C4: Refreshed live competitive tracking | D4: EmberTribe internal
A5: CMS / dev platform access | B5: Not yet confirmed | C5: All Phase 1 technical fixes | D5: Christopher (client)
A6: .us domain registration / DNS | B6: Status unknown | C6: Phase 2 launch | D6: Alegria / Christopher (client)
A7: Design Studio subdomain hosting access | B7: Status unknown | C7: robots.txt noindex task (P1-06) | D7: Christopher (client)
A8: Google Business Profile admin access | B8: Status unknown | C8: Local citation/NAP work (P2-07) | D8: Alegria (client)
